Garbage Bags,Generic
Cooler,Graduation
Ice,Graduation
Toilet Paper,Generic
Charcoal,Cookout
Bug Spray,Cookout
Citronella,Cookout
Glasses,Generic
Wine Glasses,Generic
Champagne Glasses,Generic
Water Pitcher,Generic
Cocktail Glasses,Generic
Stemmed Glasses,Generic
Tall Glasses,Generic
Short Glasses,Generic
Cocktail Shaker,Generic
Cocktail Napkin,Generic
Jigger,Generic
Ice Bucket,Generic
Punch Bowl,Graduation
Beverage Tub,Generic
Vodka,Generic
Gin,Generic
Dry Vermouth,Generic
Sweet Vermouth,Generic
Maraschino Cherry,Generic
Bourbon,Generic
Whiskey,Generic
Tequila,Generic
Rum,Generic
Sparkling Wine,Generic
Beer,Generic
Cognac,Generic
Sake,Generic
Bitters,Generic
Beach Towels,Generic
Bottled Water,Graduation
Uber ride funds,Generic
Slow Cooker,Generic
Cookie Sheets,Generic
Toaster Oven,Generic
Cutting Boards,Generic
Solo Cups,Graduation
Folding Table,Generic
Folding Chairs,Generic
Blender,Generic
Bluetooth Speakers,Generic
Candles,Generic
Polaroid Camera,Graduation
Christmas Wreath,Christmas
Christmas Tree Stand,Christmas
Christmas Lights,Christmas
Mistletoe,Christmas
Chips,Generic
Chips,Cookout
Salsa,Generic
Salsa,Cookout
Cheese Dip,Generic
Soft Drinks,Graduation
Pizza,Graduation
Quesadillas,Generic
Lasagna,Generic
Spaghetti,Generic
Raviolis,Generic
Tortollini,Potluck Dinner
Burritos,Potluck Dinner
Tacos,Potluck Dinner
Chalupas,Potluck Dinner
Sushi,Potluck Dinner
Steak,Potluck Dinner
Chips & Dip,Graduation
Macaroni and Cheese,Potluck Dinner
Bean Dip,Cookout
Pita Chips,Generic
Pita Bread,Generic
Cheese Board,Potluck Dinner
Charcuterie Tray,Potluck Dinner
Hot Dogs,Cookout
Burgers,Cookout
Condiments,Cookout
Pickles,Cookout
Guacamole,Generic
Mashed Potatoes,Generic
Deviled Eggs,Generic
Bacon Wrapped Asparagus,Generic
Cookies,Birthday Party
Brownies,Birthday Party
Pie,Birthday Party
Ice Cream,Birthday Party
Cheesecake,Birthday Party
DJ,Generic
Keg,Graduation
Bouncer,Generic
Birthday Cake,Birthday Party
Cupcakes,Graduation
Birthday Hats,Birthday Party
Balloons,Graduation
Strobe Lights,Graduation
Board Games,Graduation
Cards Against Humanity,Graduation
Video Games,Graduation